
delete from tooth_infos_to_diseases;
delete from diseases;

delete from tooth_infos_to_treatments;
delete from treatments;

delete from customers_to_allergies;
delete from allergies;

delete from tooth_infos;

delete from customers_to_past_illnesses;
delete from past_illnesses;

delete from visits;

delete from customers;
delete from authorities;
delete from users;

INSERT INTO users (id,username,password, enabled, name, surname) VALUES 
 (1, 'admin', 'admin', true, 'Scobici', 'Eugen'),
 (2, 'accountant', 'accountant', true, 'Scobici', 'Alina'),
 (3, 'employee', 'employee', true, 'Lisnic', 'Alina'),
 (4, 'director', 'director', true, 'Lisnic', 'Diana'),
 (5, 'dentist', 'dentist', true, 'Lisnic', 'Maria'),
 (6, 'dentist2', 'dentist2', true, 'Lisnic2', 'Maria2'),
 (7, 'dentist3', 'dentist3', true, 'Lisnic3', 'Maria3');

INSERT INTO authorities (id, username, authority) VALUES 
 (1, 'admin', 'ROLE_ADMIN'),
 (2, 'admin', 'ROLE_ACCOUNTANT'),
 (3, 'admin', 'ROLE_EMPLOYEE'),
 (4, 'admin', 'ROLE_DIRECTOR'),
 (5, 'admin', 'ROLE_DENTIST'),
 
 (6, 'director', 'ROLE_ACCOUNTANT'),
 (7, 'director', 'ROLE_EMPLOYEE'),
 (8, 'director', 'ROLE_DIRECTOR'),
 (9, 'director', 'ROLE_DENTIST'),

 (10, 'accountant', 'ROLE_ACCOUNTANT'),
 (11, 'accountant', 'ROLE_EMPLOYEE'),
 
 (12, 'dentist', 'ROLE_DENTIST'),
 (13, 'dentist', 'ROLE_EMPLOYEE'),
 
 (14, 'dentist2', 'ROLE_DENTIST'),
 (15, 'dentist2', 'ROLE_EMPLOYEE'),
 
 (16, 'dentist3', 'ROLE_DENTIST'),
 (17, 'dentist3', 'ROLE_EMPLOYEE'),
 
 (18, 'employee', 'ROLE_EMPLOYEE');
 
 
INSERT INTO customers (name, surname, birth_year, gender, address, phone, notes, dentist_id) VALUES 
 ('Vadim', 'Vadimovich', 1980, 'MALE', 'Chisinau Buicani', '0123456789', 'notes \n tre la la', 5),
 ('Vadim', 'Vadimovich', 1980, 'MALE', 'Chisinau Buicani', '0123456789', 'notes \n tre la la', 5),
 ('Vadim', 'Vadimovich', 1980, 'MALE', 'Chisinau Buicani', '0123456789', 'notes \n tre la la', 5),
 ('Vadim', 'Vadimovich', 1980, 'MALE', 'Chisinau Buicani', '0123456789', 'notes \n tre la la', 5),
 ('Vadim', 'Vadimovich', 1980, 'MALE', 'Chisinau Buicani', '0123456789', 'notes \n tre la la', 5),
 ('Vadim', 'Vadimovich', 1980, 'MALE', 'Chisinau Buicani', '0123456789', 'notes \n tre la la', 5),
 ('Vadim', 'Vadimovich', 1980, 'MALE', 'Chisinau Buicani', '0123456789', 'notes \n tre la la', 5),
 ('Vadim', 'Vadimovich', 1980, 'MALE', 'Chisinau Buicani', '0123456789', 'notes \n tre la la', 5),
 ('Eugen', 'Vadimovich', 1980, 'MALE', 'Chisinau Buicani', '0123456789', 'notes \n tre la la', 5),
 ('Vadim', 'Vadimovich', 1980, 'MALE', 'Chisinau Buicani', '0123456789', 'notes \n tre la la', 5),
 ('Vadim', 'Vadimovich', 1980, 'MALE', 'Chisinau Buicani', '0123456789', 'notes \n tre la la', 5),
 ('Vadim', 'Vadimovich', 1980, 'MALE', 'Chisinau Buicani', '0123456789', 'notes \n tre la la', 5),
 ('Vadim', 'Vadimovich', 1980, 'MALE', 'Chisinau Buicani', '0123456789', 'notes \n tre la la', 5),
 ('Vadim', 'Vadimovich', 1980, 'MALE', 'Chisinau Buicani', '0123456789', 'notes \n tre la la', 5),
 ('Vadim', 'Vadimovich', 1980, 'MALE', 'Chisinau Buicani', '0123456789', 'notes \n tre la la', 5),
 ('Vadim', 'Vadimovich', 1980, 'MALE', 'Chisinau Buicani', '0123456789', 'notes \n tre la la', 5),
 ('Vadim', 'Vadimovich', 1980, 'MALE', 'Chisinau Buicani', '0123456789', 'notes \n tre la la', 5),
 ('Vadim', 'Vadimovich', 1980, 'MALE', 'Chisinau Buicani', '0123456789', 'notes \n tre la la', 5),
 ('Vadim', 'Vadimovich', 1980, 'MALE', 'Chisinau Buicani', '0123456789', 'notes \n tre la la', 5),
 ('Vadim', 'Vadimovich', 1980, 'MALE', 'Chisinau Buicani', '0123456789', 'notes \n tre la la', 5), 
 ('Vadim', 'Vadimovich', 1980, 'MALE', 'Chisinau Buicani', '0123456789', 'notes \n tre la la', 5),
 ('Vadim', 'Vadimovich', 1980, 'MALE', 'Chisinau Buicani', '0123456789', 'notes \n tre la la', 5),
 ('Vadim', 'Vadimovich', 1980, 'MALE', 'Chisinau Buicani', '0123456789', 'notes \n tre la la', 5),
 ('Vadim', 'Vadimovich', 1980, 'MALE', 'Chisinau Buicani', '0123456789', 'notes \n tre la la', 5),
 ('Vadim', 'Vadimovich', 1980, 'MALE', 'Chisinau Buicani', '0123456789', 'notes \n tre la la', 5),
 ('Vadim', 'Vadimovich', 1980, 'MALE', 'Chisinau Buicani', '0123456789', 'notes \n tre la la', 5),
 ('Vadim', 'Vadimovich', 1980, 'MALE', 'Chisinau Buicani', '0123456789', 'notes \n tre la la', 5),
 ('Vadim', 'Vadimovich', 1980, 'MALE', 'Chisinau Buicani', '0123456789', 'notes \n tre la la', 5),
 ('Vadim', 'Vadimovich', 1980, 'MALE', 'Chisinau Buicani', '0123456789', 'notes \n tre la la', 5),
 ('Vadim', 'Vadimovich', 1980, 'MALE', 'Chisinau Buicani', '0123456789', 'notes \n tre la la', 5),
 ('Vadim', 'Vadimovich', 1980, 'MALE', 'Chisinau Buicani', '0123456789', 'notes \n tre la la', 5),
 ('Vadim', 'Vadimovich', 1980, 'MALE', 'Chisinau Buicani', '0123456789', 'notes \n tre la la', 5),
 ('Vadim', 'Vadimovich', 1980, 'MALE', 'Chisinau Buicani', '0123456789', 'notes \n tre la la', 5),
 ('Vadim', 'Vadimovich', 1980, 'MALE', 'Chisinau Buicani', '0123456789', 'notes \n tre la la', 5),
 ('Vadim', 'Vadimovich', 1980, 'MALE', 'Chisinau Buicani', '0123456789', 'notes \n tre la la', 5),
 ('Vadim', 'Vadimovich', 1980, 'MALE', 'Chisinau Buicani', '0123456789', 'notes \n tre la la', 5),
 ('Vadim', 'Vadimovich', 1980, 'MALE', 'Chisinau Buicani', '0123456789', 'notes \n tre la la', 5),
 ('Vadim', 'Vadimovich', 1980, 'MALE', 'Chisinau Buicani', '0123456789', 'notes \n tre la la', 5),
 ('Vadim', 'Vadimovich', 1980, 'MALE', 'Chisinau Buicani', '0123456789', 'notes \n tre la la', 5),
 ('Vadim', 'Vadimovich', 1980, 'MALE', 'Chisinau Buicani', '0123456789', 'notes \n tre la la', 5),
 ('Vadim', 'Vadimovich', 1980, 'MALE', 'Chisinau Buicani', '0123456789', 'notes \n tre la la', 5),
 ('Vadim', 'Vadimovich', 1980, 'MALE', 'Chisinau Buicani', '0123456789', 'notes \n tre la la', 5),
 ('Vadim', 'Vadimovich', 1980, 'MALE', 'Chisinau Buicani', '0123456789', 'notes \n tre la la', 5),
 ('Vadim', 'Vadimovich', 1980, 'MALE', 'Chisinau Buicani', '0123456789', 'notes \n tre la la', 5),
 ('Vadim', 'Vadimovich', 1980, 'MALE', 'Chisinau Buicani', '0123456789', 'notes \n tre la la', 5),
 ('Vadim', 'Vadimovich', 1980, 'MALE', 'Chisinau Buicani', '0123456789', 'notes \n tre la la', 5),
 ('Vadim', 'Vadimovich', 1980, 'MALE', 'Chisinau Buicani', '0123456789', 'notes \n tre la la', 5),
 ('Vadim', 'Vadimovich', 1980, 'MALE', 'Chisinau Buicani', '0123456789', 'notes \n tre la la', 5),
 ('Vadim', 'Vadimovich', 1980, 'MALE', 'Chisinau Buicani', '0123456789', 'notes \n tre la la', 5),
 ('Vadim', 'Vadimovich', 1980, 'MALE', 'Chisinau Buicani', '0123456789', 'notes \n tre la la', 5),
 ('Vadim', 'Vadimovich', 1980, 'MALE', 'Chisinau Buicani', '0123456789', 'notes \n tre la la', 5),
 ('Vadim', 'Vadimovich', 1980, 'MALE', 'Chisinau Buicani', '0123456789', 'notes \n tre la la', 5),
 ('Vadim', 'Vadimovich', 1980, 'MALE', 'Chisinau Buicani', '0123456789', 'notes \n tre la la', 5),
 ('Vadim', 'Vadimovich', 1980, 'MALE', 'Chisinau Buicani', '0123456789', 'notes \n tre la la', 5),
 ('Vadim', 'Vadimovich', 1980, 'MALE', 'Chisinau Buicani', '0123456789', 'notes \n tre la la', 5),
 ('Alina', 'Vadimovich', 1980, 'MALE', 'Chisinau Buicani', '0123456789', 'notes \n tre la la', 5),
 ('Alina', 'Vadimovich', 1980, 'MALE', 'Chisinau Buicani', '0123456789', 'notes \n tre la la', 5),
 ('Alina', 'Vadimovich', 1980, 'MALE', 'Chisinau Buicani', '0123456789', 'notes \n tre la la', 5),
 ('VadimAlina', 'Vadimovich', 1980, 'MALE', 'Chisinau Buicani', '0123456789', 'notes \n tre la la', 5),
 ('VadimAlina', 'Vadimovich', 1980, 'MALE', 'Chisinau Buicani', '0123456789', 'notes \n tre la la', 5), 
 ('VadimAlina', 'Vadimovich', 1980, 'MALE', 'Chisinau Buicani', '0123456789', 'notes \n tre la la', 5),
 ('Vadim', 'Vadimovich', 1980, 'MALE', 'Chisinau Buicani', '0123456789', 'notes \n tre la la', 5),
 ('Vadim', 'Vadimovich', 1980, 'MALE', 'Chisinau Buicani', '0123456789', 'notes \n tre la la', 5),
 ('Vadim', 'Vadimovich', 1980, 'MALE', 'Chisinau Buicani', '0123456789', 'notes \n tre la la', 5),
 ('Vadim', 'Vadimovich', 1980, 'MALE', 'Chisinau Buicani', '0123456789', 'notes \n tre la la', 5),
 ('Vadim', 'Vadimovich', 1980, 'MALE', 'Chisinau Buicani', '0123456789', 'notes \n tre la la', 5),
 ('Vadim', 'Vadimovich', 1980, 'MALE', 'Chisinau Buicani', '0123456789', 'notes \n tre la la', 5),
 ('Vadim', 'Vadimovich', 1980, 'MALE', 'Chisinau Buicani', '0123456789', 'notes \n tre la la', 5),
 ('Vadim', 'Vadimovich', 1980, 'MALE', 'Chisinau Buicani', '0123456789', 'notes \n tre la la', 5),
 ('Vadim', 'Vadimovich', 1980, 'MALE', 'Chisinau Buicani', '0123456789', 'notes \n tre la la', 5),
 ('Vadim', 'Vadimovich', 1980, 'MALE', 'Chisinau Buicani', '0123456789', 'notes \n tre la la', 5),
 ('Vadim', 'Vadimovich', 1980, 'MALE', 'Chisinau Buicani', '0123456789', 'notes \n tre la la', 5),
 ('Vadim', 'Vadimovich', 1980, 'MALE', 'Chisinau Buicani', '0123456789', 'notes \n tre la la', 5),
 ('Vadim', 'Vadimovich', 1980, 'MALE', 'Chisinau Buicani', '0123456789', 'notes \n tre la la', 5),
 ('Vadim', 'Vadimovich', 1980, 'MALE', 'Chisinau Buicani', '0123456789', 'notes \n tre la la', 5),
 ('Vadim', 'Vadimovich', 1980, 'MALE', 'Chisinau Buicani', '0123456789', 'notes \n tre la la', 5),
 ('Vadim', 'Vadimovich', 1980, 'MALE', 'Chisinau Buicani', '0123456789', 'notes \n tre la la', 5),
 ('Vadim', 'Vadimovich', 1980, 'MALE', 'Chisinau Buicani', '0123456789', 'notes \n tre la la', 5),
 ('Vadim', 'Vadimovich', 1980, 'MALE', 'Chisinau Buicani', '0123456789', 'notes \n tre la la', 5),
 ('Vadim', 'Vadimovich', 1980, 'MALE', 'Chisinau Buicani', '0123456789', 'notes \n tre la la', 5),
 ('Vadim', 'Vadimovich', 1980, 'MALE', 'Chisinau Buicani', '0123456789', 'notes \n tre la la', 5),
 ('Vadim', 'Vadimovich', 1980, 'MALE', 'Chisinau Buicani', '0123456789', 'notes \n tre la la', 5),
 ('Vadim', 'Vadimovich', 1980, 'MALE', 'Chisinau Buicani', '0123456789', 'notes \n tre la la', 5),
 ('Vadim', 'Vadimovich', 1980, 'MALE', 'Chisinau Buicani', '0123456789', 'notes \n tre la la', 5),
 ('TestVadim', 'Vadimovich', 1980, 'MALE', 'Chisinau Buicani', '0123456789', 'notes \n tre la la', 5),
 ('TestVadim', 'Vadimovich', 1980, 'MALE', 'Chisinau Buicani', '0123456789', 'notes \n tre la la', 5),
 ('VadimTest', 'Vadimovich', 1980, 'MALE', 'Chisinau Buicani', '0123456789', 'notes \n tre la la', 5),
 ('VadimTest', 'Vadimovich', 1980, 'MALE', 'Chisinau Buicani', '0123456789', 'notes \n tre la la', 5),
 ('Vadim', 'TestVadimovich', 1980, 'MALE', 'Chisinau Buicani', '0123456789', 'notes \n tre la la', 5),
 ('Vadim', 'TestVadimovich', 1980, 'MALE', 'Chisinau Buicani', '0123456789', 'notes \n tre la la', 5),
 ('Vadim', 'VadimovichTest', 1980, 'MALE', 'Chisinau Buicani', '0123456789', 'notes \n tre la la', 5),
 ('Vadim', 'VadimovichTest', 1980, 'MALE', 'Chisinau Buicani', '0123456789', 'notes \n tre la la', 5),
 ('Vadim', 'Vadimovich', 1980, 'MALE', 'Chisinau Buicani', '0123456789', 'notes \n tre la la', 5),
 ('Vadim', 'Vadimovich', 1980, 'MALE', 'Chisinau Buicani', '0123456789', 'notes \n tre la la', 5),
 ('Vadim', 'Vadimovich', 1980, 'MALE', 'Chisinau Buicani', '0123456789', 'notes \n tre la la', 5),
 ('Vadim', 'Vadimovich', 1980, 'MALE', 'Chisinau Buicani', '0123456789', 'notes \n tre la la', 5),
 ('Vadim', 'Vadimovich', 1980, 'MALE', 'Chisinau Buicani', '0123456789', 'notes \n tre la la', 5),
 ('Vadim', 'Vadimovich', 1980, 'MALE', 'Chisinau Buicani', '0123456789', 'notes \n tre la la', 5),
 ('Vadim', 'Vadimovich', 1980, 'MALE', 'Chisinau Buicani', '0123456789', 'notes \n tre la la', 5),
 ('VadimAlina', 'Eugen', 1980, 'MALE', 'Chisinau Buicani', '0123456789', 'notes \n tre la la', 5), 
 ('VadimOlga', 'Eugen', 1980, 'MALE', 'Chisinau Buicani', '0123456789', 'notes \n tre la la', 5),
 ('VadimTest', 'Eugen', 1980, 'MALE', 'Chisinau Buicani', '0123456789', 'notes \n tre la la', 5),
 ('Vadim', 'Vadimovich', 1980, 'MALE', 'Chisinau Buicani', '0123456789', 'notes \n tre la la', 5),
 ('VadimEugen', 'Vadimovich', 1980, 'MALE', 'Chisinau Buicani', '0123456789', 'notes \n tre la la', 5),
 ('VadimEugen', 'Vadimovich', 1980, 'MALE', 'Chisinau Buicani', '0123456789', 'notes \n tre la la', 5),
 ('VadimEugen', 'Vadimovich', 1980, 'MALE', 'Chisinau Buicani', '0123456789', 'notes \n tre la la', 5),
 ('VadimEugen', 'Vadimovich', 1980, 'MALE', 'Chisinau Buicani', '0123456789', 'notes \n tre la la', 5),
 ('Vadim', 'Vadimovich', 1980, 'MALE', 'Chisinau Buicani', '0123456789', 'notes \n tre la la', 5),
 ('Vadim', 'Vadimovich', 1980, 'MALE', 'Chisinau Buicani', '0123456789', 'notes \n tre la la', 5),
 ('Vadim', 'Vadimovich', 1980, 'MALE', 'Chisinau Buicani', '0123456789', 'notes \n tre la la', 5),
 ('Vadim', 'Vadimovich', 1980, 'MALE', 'Chisinau Buicani', '0123456789', 'notes \n tre la la', 5),
 ('Vadim', 'Vadimovich', 1980, 'MALE', 'Chisinau Buicani', '0123456789', 'notes \n tre la la', 5),
 ('Vadim', 'Vadimovich', 1980, 'MALE', 'Chisinau Buicani', '0123456789', 'notes \n tre la la', 5),
 ('Vadim', 'Vadimovich', 1980, 'MALE', 'Chisinau Buicani', '0123456789', 'notes \n tre la la', 5),
 ('Vadim', 'Vadimovich', 1980, 'MALE', 'Chisinau Buicani', '0123456789', 'notes \n tre la la', 5),
 ('Vadim', 'Vadimovich', 1980, 'MALE', 'Chisinau Buicani', '0123456789', 'notes \n tre la la', 5),
 ('Vadim', 'Vadimovich', 1980, 'MALE', 'Chisinau Buicani', '0123456789', 'notes \n tre la la', 5),
 ('Vadim', 'Vadimovich', 1980, 'MALE', 'Chisinau Buicani', '0123456789', 'notes \n tre la la', 5),
 ('Vadim', 'Vadimovich', 1980, 'MALE', 'Chisinau Buicani', '0123456789', 'notes \n tre la la', 5),
 ('Vadim', 'Vadimovich', 1980, 'MALE', 'Chisinau Buicani', '0123456789', 'notes \n tre la la', 5),
 ('Vadim', 'Vadimovich', 1980, 'MALE', 'Chisinau Buicani', '0123456789', 'notes \n tre la la', 5),
 ('Vadim', 'Vadimovich', 1980, 'MALE', 'Chisinau Buicani', '0123456789', 'notes \n tre la la', 5),
 ('Vadim', 'Vadimovich', 1980, 'MALE', 'Chisinau Buicani', '0123456789', 'notes \n tre la la', 5),
 ('Vadim', 'Vadimovich', 1980, 'MALE', 'Chisinau Buicani', '0123456789', 'notes \n tre la la', 5),
 ('Vadim', 'Vadimovich', 1980, 'MALE', 'Chisinau Buicani', '0123456789', 'notes \n tre la la', 5),
 ('Vadim', 'Vadimovich', 1980, 'MALE', 'Chisinau Buicani', '0123456789', 'notes \n tre la la', 5),
 ('Vadim', 'Vadimovich', 1980, 'MALE', 'Chisinau Buicani', '0123456789', 'notes \n tre la la', 5),
 ('Vadim', 'Vadimovich', 1980, 'MALE', 'Chisinau Buicani', '0123456789', 'notes \n tre la la', 5),
 ('Vadim', 'Vadimovich', 1980, 'MALE', 'Chisinau Buicani', '0123456789', 'notes \n tre la la', 5),
 ('Vadim', 'Vadimovich', 1980, 'MALE', 'Chisinau Buicani', '0123456789', 'notes \n tre la la', 5),
 ('Vadim', 'Vadimovich', 1980, 'MALE', 'Chisinau Buicani', '0123456789', 'notes \n tre la la', 5),
 ('Vadim', 'Vadimovich', 1980, 'MALE', 'Chisinau Buicani', '0123456789', 'notes \n tre la la', 5),
 ('Vadim', 'Vadimovich', 1980, 'MALE', 'Chisinau Buicani', '0123456789', 'notes \n tre la la', 5),
 ('Vadim', 'Vadimovich', 1980, 'MALE', 'Chisinau Buicani', '0123456789', 'notes \n tre la la', 5),
 ('Vadim', 'Vadimovich', 1980, 'MALE', 'Chisinau Buicani', '0123456789', 'notes \n tre la la', 5),
 ('Vadim', 'Vadimovich', 1980, 'MALE', 'Chisinau Buicani', '0123456789', 'notes \n tre la la', 5),
 ('Vadim', 'Vadimovich', 1980, 'MALE', 'Chisinau Buicani', '0123456789', 'notes \n tre la la', 5),
 ('Vadim', 'Vadimovich', 1980, 'MALE', 'Chisinau Buicani', '0123456789', 'notes \n tre la la', 5),
 ('Vadim', 'Vadimovich', 1980, 'MALE', 'Chisinau Buicani', '0123456789', 'notes \n tre la la', 5),
 ('Vadim', 'Vadimovich', 1980, 'MALE', 'Chisinau Buicani', '0123456789', 'notes \n tre la la', 5), 
 ('Vadim', 'Vadimovich', 1980, 'MALE', 'Chisinau Buicani', '0123456789', 'notes \n tre la la', 5),
 ('Vadim', 'Vadimovich', 1980, 'MALE', 'Chisinau Buicani', '0123456789', 'notes \n tre la la', 5),
 ('Vadim', 'Vadimovich', 1980, 'MALE', 'Chisinau Buicani', '0123456789', 'notes \n tre la la', 5),
 ('Vadim', 'Vadimovich', 1980, 'MALE', 'Chisinau Buicani', '0123456789', 'notes \n tre la la', 5),
 ('Vadim', 'Vadimovich', 1980, 'MALE', 'Chisinau Buicani', '0123456789', 'notes \n tre la la', 5),
 ('Vadim', 'Vadimovich', 1980, 'MALE', 'Chisinau Buicani', '0123456789', 'notes \n tre la la', 5),
 ('Vadim', 'Vadimovich', 1980, 'MALE', 'Chisinau Buicani', '0123456789', 'notes \n tre la la', 5),
 ('Vadim', 'Vadimovich', 1980, 'MALE', 'Chisinau Buicani', '0123456789', 'notes \n tre la la', 5),
 ('Vadim', 'Vadimovich', 1980, 'MALE', 'Chisinau Buicani', '0123456789', 'notes \n tre la la', 5),
 ('Vadim', 'Vadimovich', 1980, 'MALE', 'Chisinau Buicani', '0123456789', 'notes \n tre la la', 5),
 ('Vadim', 'Vadimovich', 1980, 'MALE', 'Chisinau Buicani', '0123456789', 'notes \n tre la la', 5),
 ('Eugen', 'Vadimovich', 1980, 'MALE', 'Chisinau Buicani', '0123456789', 'notes \n tre la la', 5),
 ('Eugen', 'Vadimovich', 1980, 'MALE', 'Chisinau Buicani', '0123456789', 'notes \n tre la la', 5),
 ('Eugen', 'Vadimovich', 1980, 'MALE', 'Chisinau Buicani', '0123456789', 'notes \n tre la la', 5),
 ('Vadim', 'Vadimovich', 1980, 'MALE', 'Chisinau Buicani', '0123456789', 'notes \n tre la la', 5),
 ('Vadim', 'Vadimovich', 1980, 'MALE', 'Chisinau Buicani', '0123456789', 'notes \n tre la la', 5),
 ('Vadim', 'Vadimovich', 1980, 'MALE', 'Chisinau Buicani', '0123456789', 'notes \n tre la la', 5),
 ('Vadim', 'Vadimovich', 1980, 'MALE', 'Chisinau Buicani', '0123456789', 'notes \n tre la la', 5),
 ('Vadim', 'Vadimovich', 1980, 'MALE', 'Chisinau Buicani', '0123456789', 'notes \n tre la la', 5),
 ('Vadim', 'Vadimovich', 1980, 'MALE', 'Chisinau Buicani', '0123456789', 'notes \n tre la la', 5),
 ('Vadim', 'Vadimovich', 1980, 'MALE', 'Chisinau Buicani', '0123456789', 'notes \n tre la la', 5),
 ('Vadim', 'Vadimovich', 1980, 'MALE', 'Chisinau Buicani', '0123456789', 'notes \n tre la la', 5),
 ('Vadim', 'Vadimovich', 1980, 'MALE', 'Chisinau Buicani', '0123456789', 'notes \n tre la la', 5),
 ('Vadim', 'Vadimovich', 1980, 'MALE', 'Chisinau Buicani', '0123456789', 'notes \n tre la la', 5),
 ('Vadim', 'Vadimovich', 1980, 'MALE', 'Chisinau Buicani', '0123456789', 'notes \n tre la la', 5),
 ('Vadim', 'Vadimovich', 1980, 'MALE', 'Chisinau Buicani', '0123456789', 'notes \n tre la la', 5),
 ('Vadim', 'Vadimovich', 1980, 'MALE', 'Chisinau Buicani', '0123456789', 'notes \n tre la la', 5),
 ('Vadim', 'Vadimovich', 1980, 'MALE', 'Chisinau Buicani', '0123456789', 'notes \n tre la la', 5),
 ('Vadim', 'Vadimovich', 1980, 'MALE', 'Chisinau Buicani', '0123456789', 'notes \n tre la la', 5),
 ('Vadim', 'Vadimovich', 1980, 'MALE', 'Chisinau Buicani', '0123456789', 'notes \n tre la la', 5),
 ('Vadim', 'Vadimovich', 1980, 'MALE', 'Chisinau Buicani', '0123456789', 'notes \n tre la la', 5),
 ('Vadim', 'Vadimovich', 1980, 'MALE', 'Chisinau Buicani', '0123456789', 'notes \n tre la la', 5),
 ('Vadim', 'Vadimovich', 1980, 'MALE', 'Chisinau Buicani', '0123456789', 'notes \n tre la la', 5),
 ('Vadim', 'Vadimovich', 1980, 'MALE', 'Chisinau Buicani', '0123456789', 'notes \n tre la la', 5),
 ('Vadim', 'Vadimovich', 1980, 'MALE', 'Chisinau Buicani', '0123456789', 'notes \n tre la la', 5),
 ('Vadim', 'Vadimovich', 1980, 'MALE', 'Chisinau Buicani', '0123456789', 'notes \n tre la la', 5),
 ('Vadim', 'Vadimovich', 1980, 'MALE', 'Chisinau Buicani', '0123456789', 'notes \n tre la la', 5),
 ('Vadim', 'Vadimovich', 1980, 'MALE', 'Chisinau Buicani', '0123456789', 'notes \n tre la la', 5),
 ('Vadim', 'Vadimovich', 1980, 'MALE', 'Chisinau Buicani', '0123456789', 'notes \n tre la la', 5),
 ('Vadim', 'Vadimovich', 1980, 'MALE', 'Chisinau Buicani', '0123456789', 'notes \n tre la la', 5), 
 ('Vadim', 'Vadimovich', 1980, 'MALE', 'Chisinau Buicani', '0123456789', 'notes \n tre la la', 5),
 ('Vadim', 'Vadimovich', 1980, 'MALE', 'Chisinau Buicani', '0123456789', 'notes \n tre la la', 5),
 ('Vadim', 'Vadimovich', 1980, 'MALE', 'Chisinau Buicani', '0123456789', 'notes \n tre la la', 5),
 ('Vadim', 'Vadimovich', 1980, 'MALE', 'Chisinau Buicani', '0123456789', 'notes \n tre la la', 5),
 ('Vadim', 'Vadimovich', 1980, 'MALE', 'Chisinau Buicani', '0123456789', 'notes \n tre la la', 5),
 ('Vadim', 'Vadimovich', 1980, 'MALE', 'Chisinau Buicani', '0123456789', 'notes \n tre la la', 5),
 ('Vadim', 'Vadimovich', 1980, 'MALE', 'Chisinau Buicani', '0123456789', 'notes \n tre la la', 5),
 ('Vadim', 'Vadimovich', 1980, 'MALE', 'Chisinau Buicani', '0123456789', 'notes \n tre la la', 5),
 ('Vadim', 'Vadimovich', 1980, 'MALE', 'Chisinau Buicani', '0123456789', 'notes \n tre la la', 5),
 ('Vadim', 'Vadimovich', 1980, 'MALE', 'Chisinau Buicani', '0123456789', 'notes \n tre la la', 5),
 ('Vadim', 'Vadimovich', 1980, 'MALE', 'Chisinau Buicani', '0123456789', 'notes \n tre la la', 5),
 ('Vadim', 'Vadimovich', 1980, 'MALE', 'Chisinau Buicani', '0123456789', 'notes \n tre la la', 5),
 ('Olga', 'Vadimovich', 1980, 'MALE', 'Chisinau Buicani', '0123456789', 'notes \n tre la la', 5),
 ('Olga', 'Vadimovich', 1980, 'MALE', 'Chisinau Buicani', '0123456789', 'notes \n tre la la', 5),
 ('Vadim', 'Vadimovich', 1980, 'MALE', 'Chisinau Buicani', '0123456789', 'notes \n tre la la', 5),
 ('Vadim', 'Vadimovich', 1980, 'MALE', 'Chisinau Buicani', '0123456789', 'notes \n tre la la', 5),
 ('Vadim', 'Vadimovich', 1980, 'MALE', 'Chisinau Buicani', '0123456789', 'notes \n tre la la', 5),
 ('Vadim', 'Vadimovich', 1980, 'MALE', 'Chisinau Buicani', '0123456789', 'notes \n tre la la', 5),
 ('Vadim', 'Vadimovich', 1980, 'MALE', 'Chisinau Buicani', '0123456789', 'notes \n tre la la', 5),
 ('Vadim', 'Vadimovich', 1980, 'MALE', 'Chisinau Buicani', '0123456789', 'notes \n tre la la', 5),
 ('Vadim', 'Vadimovich', 1980, 'MALE', 'Chisinau Buicani', '0123456789', 'notes \n tre la la', 5),
 ('Vadim', 'Vadimovich', 1980, 'MALE', 'Chisinau Buicani', '0123456789', 'notes \n tre la la', 5),
 ('Vadim', 'Vadimovich', 1980, 'MALE', 'Chisinau Buicani', '0123456789', 'notes \n tre la la', 5),
 ('VadimOlga', 'Vadimovich', 1980, 'MALE', 'Chisinau Buicani', '0123456789', 'notes \n tre la la', 5),
 ('VadimOlga', 'Vadimovich', 1980, 'MALE', 'Chisinau Buicani', '0123456789', 'notes \n tre la la', 5),
 ('Vadim', 'Vadimovich', 1980, 'MALE', 'Chisinau Buicani', '0123456789', 'notes \n tre la la', 5),
 ('Vadim', 'VadimovichOlga', 1980, 'MALE', 'Chisinau Buicani', '0123456789', 'notes \n tre la la', 5),
 ('Vadim', 'VadimovichOlga', 1980, 'MALE', 'Chisinau Buicani', '0123456789', 'notes \n tre la la', 5),
 ('Vadim', 'Vadimovich', 1980, 'MALE', 'Chisinau Buicani', '0123456789', 'notes \n tre la la', 5),
 ('Vadim', 'Vadimovich', 1980, 'MALE', 'Chisinau Buicani', '0123456789', 'notes \n tre la la', 5),
 ('Vadim', 'Vadimovich', 1980, 'MALE', 'Chisinau Buicani', '0123456789', 'notes \n tre la la', 5),
 ('Vadim', 'Vadimovich', 1980, 'MALE', 'Chisinau Buicani', '0123456789', 'notes \n tre la la', 5),
 ('Vadim', 'Vadimovich', 1980, 'MALE', 'Chisinau Buicani', '0123456789', 'notes \n tre la la', 5),
 ('Vadim', 'Vadimovich', 1980, 'MALE', 'Chisinau Buicani', '0123456789', 'notes \n tre la la', 5),
 ('Vadim', 'Vadimovich', 1980, 'MALE', 'Chisinau Buicani', '0123456789', 'notes \n tre la la', 5),
 ('Vadim', 'Vadimovich', 1980, 'MALE', 'Chisinau Buicani', '0123456789', 'notes \n tre la la', 5),
 ('Vadim', 'Vadimovich', 1980, 'MALE', 'Chisinau Buicani', '0123456789', 'notes \n tre la la', 5),
 ('Vadim', 'Vadimovich', 1980, 'MALE', 'Chisinau Buicani', '0123456789', 'notes \n tre la la', 5),
 ('Vadim', 'Vadimovich', 1980, 'MALE', 'Chisinau Buicani', '0123456789', 'notes \n tre la la', 5),
 ('Vadim', 'Vadimovich', 1980, 'MALE', 'Chisinau Buicani', '0123456789', 'notes \n tre la la', 5), 
 ('Vadim', 'Vadimovich', 1980, 'MALE', 'Chisinau Buicani', '0123456789', 'notes \n tre la la', 5),
 ('Vadim', 'Vadimovich', 1980, 'MALE', 'Chisinau Buicani', '0123456789', 'notes \n tre la la', 5),
 ('Vadim', 'Vadimovich', 1980, 'MALE', 'Chisinau Buicani', '0123456789', 'notes \n tre la la', 5),
 ('Vadim', 'Vadimovich', 1980, 'MALE', 'Chisinau Buicani', '0123456789', 'notes \n tre la la', 5),
 ('Vadim', 'Vadimovich', 1980, 'MALE', 'Chisinau Buicani', '0123456789', 'notes \n tre la la', 5),
 ('Vadim', 'Vadimovich', 1980, 'MALE', 'Chisinau Buicani', '0123456789', 'notes \n tre la la', 5),
 ('Vadim', 'Vadimovich', 1980, 'MALE', 'Chisinau Buicani', '0123456789', 'notes \n tre la la', 5),
 ('Vadim', 'Vadimovich', 1980, 'MALE', 'Chisinau Buicani', '0123456789', 'notes \n tre la la', 5),
 ('Vadim', 'Vadimovich', 1980, 'MALE', 'Chisinau Buicani', '0123456789', 'notes \n tre la la', 5),
 ('Vadim', 'Vadimovich', 1980, 'MALE', 'Chisinau Buicani', '0123456789', 'notes \n tre la la', 5),
 ('Vadim', 'Vadimovich', 1980, 'MALE', 'Chisinau Buicani', '0123456789', 'notes \n tre la la', 5),
 ('Vadim', 'Vadimovich', 1980, 'MALE', 'Chisinau Buicani', '0123456789', 'notes \n tre la la', 5),
 ('Vadim', 'Vadimovich', 1980, 'MALE', 'Chisinau Buicani', '0123456789', 'notes \n tre la la', 5),
 ('Vadim', 'Vadimovich', 1980, 'MALE', 'Chisinau Buicani', '0123456789', 'notes \n tre la la', 5),
 ('Vadim', 'Olga', 1980, 'MALE', 'Chisinau Buicani', '0123456789', 'notes \n tre la la', 5),
 ('Vadim', 'Olga', 1980, 'MALE', 'Chisinau Buicani', '0123456789', 'notes \n tre la la', 5),
 ('Vadim', 'Vadimovich', 1980, 'MALE', 'Chisinau Buicani', '0123456789', 'notes \n tre la la', 5),
 ('Vadim', 'Vadimovich', 1980, 'MALE', 'Chisinau Buicani', '0123456789', 'notes \n tre la la', 5),
 ('Vadim', 'Vadimovich', 1980, 'MALE', 'Chisinau Buicani', '0123456789', 'notes \n tre la la', 5),
 ('Vadim', 'Vadimovich', 1980, 'MALE', 'Chisinau Buicani', '0123456789', 'notes \n tre la la', 5),
 ('Vadim', 'Vadimovich', 1980, 'MALE', 'Chisinau Buicani', '0123456789', 'notes \n tre la la', 5),
 ('Vadim', 'Vadimovich', 1980, 'MALE', 'Chisinau Buicani', '0123456789', 'notes \n tre la la', 5),
 ('Vadim', 'Vadimovich', 1980, 'MALE', 'Chisinau Buicani', '0123456789', 'notes \n tre la la', 5),
 ('Vadim', 'Vadimovich', 1980, 'MALE', 'Chisinau Buicani', '0123456789', 'notes \n tre la la', 5),
 ('Vadim', 'Vadimovich', 1980, 'MALE', 'Chisinau Buicani', '0123456789', 'notes \n tre la la', 5),
 ('Vadim', 'Vadimovich', 1980, 'MALE', 'Chisinau Buicani', '0123456789', 'notes \n tre la la', 5),
 ('Vadim', 'Vadimovich', 1980, 'MALE', 'Chisinau Buicani', '0123456789', 'notes \n tre la la', 5),
 ('Vadim', 'Vadimovich', 1980, 'MALE', 'Chisinau Buicani', '0123456789', 'notes \n tre la la', 5),
 ('Vadim', 'Vadimovich', 1980, 'MALE', 'Chisinau Buicani', '0123456789', 'notes \n tre la la', 5),
 ('Vadim', 'Vadimovich', 1980, 'MALE', 'Chisinau Buicani', '0123456789', 'notes \n tre la la', 5),
 ('Vadim', 'Vadimovich', 1980, 'MALE', 'Chisinau Buicani', '0123456789', 'notes \n tre la la', 5),
 ('Vadim', 'Vadimovich', 1980, 'MALE', 'Chisinau Buicani', '0123456789', 'notes \n tre la la', 5),
 ('Vadim', 'Vadimovich', 1980, 'MALE', 'Chisinau Buicani', '0123456789', 'notes \n tre la la', 5),
 ('Vadim', 'Vadimovich', 1980, 'MALE', 'Chisinau Buicani', '0123456789', 'notes \n tre la la', 5),
 ('Vadim', 'Vadimovich', 1980, 'MALE', 'Chisinau Buicani', '0123456789', 'notes \n tre la la', 5),
 ('Vadim', 'Vadimovich', 1980, 'MALE', 'Chisinau Buicani', '0123456789', 'notes \n tre la la', 5),
 ('Vadim', 'Vadimovich', 1980, 'MALE', 'Chisinau Buicani', '0123456789', 'notes \n tre la la', 5),
 ('Vadim', 'Vadimovich', 1980, 'MALE', 'Chisinau Buicani', '0123456789', 'notes \n tre la la', 5),
 ('Vadim', 'Vadimovich', 1980, 'MALE', 'Chisinau Buicani', '0123456789', 'notes \n tre la la', 5),
 ('Vadim', 'Vadimovich', 1980, 'MALE', 'Chisinau Buicani', '0123456789', 'notes \n tre la la', 5), 
 ('Vadim', 'Vadimovich', 1980, 'MALE', 'Chisinau Buicani', '0123456789', 'notes \n tre la la', 5),
 ('Vadim', 'Vadimovich', 1980, 'MALE', 'Chisinau Buicani', '0123456789', 'notes \n tre la la', 5),
 ('Vadim', 'Vadimovich', 1980, 'MALE', 'Chisinau Buicani', '0123456789', 'notes \n tre la la', 5),
 ('Vadim', 'Vadimovich', 1980, 'MALE', 'Chisinau Buicani', '0123456789', 'notes \n tre la la', 5),
 ('Vadim', 'Vadimovich', 1980, 'MALE', 'Chisinau Buicani', '0123456789', 'notes \n tre la la', 5),
 ('Vadim', 'Vadimovich', 1980, 'MALE', 'Chisinau Buicani', '0123456789', 'notes \n tre la la', 5),
 ('Vadim', 'Vadimovich', 1980, 'MALE', 'Chisinau Buicani', '0123456789', 'notes \n tre la la', 5),
 ('Vadim', 'Vadimovich', 1980, 'MALE', 'Chisinau Buicani', '0123456789', 'notes \n tre la la', 5),
 ('Vadim', 'Vadimovich', 1980, 'MALE', 'Chisinau Buicani', '0123456789', 'notes \n tre la la', 5),
 ('Vadim', 'Vadimovich', 1980, 'MALE', 'Chisinau Buicani', '0123456789', 'notes \n tre la la', 5),
 ('Vadim', 'Vadimovich', 1980, 'MALE', 'Chisinau Buicani', '0123456789', 'notes \n tre la la', 5),
 ('Vadim', 'Vadimovich', 1980, 'MALE', 'Chisinau Buicani', '0123456789', 'notes \n tre la la', 5),
 ('Vadim', 'Vadimovich', 1980, 'MALE', 'Chisinau Buicani', '0123456789', 'notes \n tre la la', 5),
 ('Vadim', 'Vadimovich', 1980, 'MALE', 'Chisinau Buicani', '0123456789', 'notes \n tre la la', 5),
 ('Vadim', 'Vadimovich', 1980, 'MALE', 'Chisinau Buicani', '0123456789', 'notes \n tre la la', 5),
 ('Vadim', 'Vadimovich', 1980, 'MALE', 'Chisinau Buicani', '0123456789', 'notes \n tre la la', 5),
 ('Vadim', 'Vadimovich', 1980, 'MALE', 'Chisinau Buicani', '0123456789', 'notes \n tre la la', 5),
 ('Vadim', 'Vadimovich', 1980, 'MALE', 'Chisinau Buicani', '0123456789', 'notes \n tre la la', 5),
 ('Vadim', 'Vadimovich', 1980, 'MALE', 'Chisinau Buicani', '0123456789', 'notes \n tre la la', 5),
 ('Vadim', 'Vadimovich', 1980, 'MALE', 'Chisinau Buicani', '0123456789', 'notes \n tre la la', 5),
 ('Vadim', 'Vadimovich', 1980, 'MALE', 'Chisinau Buicani', '0123456789', 'notes \n tre la la', 5),
 ('Vadim', 'Vadimovich', 1980, 'MALE', 'Chisinau Buicani', '0123456789', 'notes \n tre la la', 5),
 ('Vadim', 'Vadimovich', 1980, 'MALE', 'Chisinau Buicani', '0123456789', 'notes \n tre la la', 5),
 ('Vadim', 'Vadimovich', 1980, 'MALE', 'Chisinau Buicani', '0123456789', 'notes \n tre la la', 5),
 ('Vadim', 'Vadimovich', 1980, 'MALE', 'Chisinau Buicani', '0123456789', 'notes \n tre la la', 5),
 ('Vadim', 'Vadimovich', 1980, 'MALE', 'Chisinau Buicani', '0123456789', 'notes \n tre la la', 5),
 ('Vadim', 'Vadimovich', 1980, 'MALE', 'Chisinau Buicani', '0123456789', 'notes \n tre la la', 5),
 ('Vadim', 'Vadimovich', 1980, 'MALE', 'Chisinau Buicani', '0123456789', 'notes \n tre la la', 5),
 ('Vadim', 'Vadimovich', 1980, 'MALE', 'Chisinau Buicani', '0123456789', 'notes \n tre la la', 5),
 ('Vadim', 'Vadimovich', 1980, 'MALE', 'Chisinau Buicani', '0123456789', 'notes \n tre la la', 5),
 ('Vadim', 'Vadimovich', 1980, 'MALE', 'Chisinau Buicani', '0123456789', 'notes \n tre la la', 5),
 ('Vadim', 'Vadimovich', 1980, 'MALE', 'Chisinau Buicani', '0123456789', 'notes \n tre la la', 5),
 ('Vadim', 'Vadimovich', 1980, 'MALE', 'Chisinau Buicani', '0123456789', 'notes \n tre la la', 5),
 ('Vadim', 'Vadimovich', 1980, 'MALE', 'Chisinau Buicani', '0123456789', 'notes \n tre la la', 5),
 ('Vadim', 'Vadimovich', 1980, 'MALE', 'Chisinau Buicani', '0123456789', 'notes \n tre la la', 5),
 ('Vadim', 'Vadimovich', 1980, 'MALE', 'Chisinau Buicani', '0123456789', 'notes \n tre la la', 5),
 ('Vadim', 'Vadimovich', 1980, 'MALE', 'Chisinau Buicani', '0123456789', 'notes \n tre la la', 5),
 ('Vadim', 'Vadimovich', 1980, 'MALE', 'Chisinau Buicani', '0123456789', 'notes \n tre la la', 5),
 ('Vadim', 'Vadimovich', 1980, 'MALE', 'Chisinau Buicani', '0123456789', 'notes \n tre la la', 5),
 ('Vadim', 'Vadimovich', 1980, 'MALE', 'Chisinau Buicani', '0123456789', 'notes \n tre la la', 5), 
 ('Vadim', 'Vadimovich', 1980, 'MALE', 'Chisinau Buicani', '0123456789', 'notes \n tre la la', 5),
 ('Vadim', 'Vadimovich', 1980, 'MALE', 'Chisinau Buicani', '0123456789', 'notes \n tre la la', 5),
 ('Vadim', 'Vadimovich', 1980, 'MALE', 'Chisinau Buicani', '0123456789', 'notes \n tre la la', 5),
 ('Vadim', 'Vadimovich', 1980, 'MALE', 'Chisinau Buicani', '0123456789', 'notes \n tre la la', 5),
 ('Vadim', 'Vadimovich', 1980, 'MALE', 'Chisinau Buicani', '0123456789', 'notes \n tre la la', 5),
 ('Vadim', 'Vadimovich', 1980, 'MALE', 'Chisinau Buicani', '0123456789', 'notes \n tre la la', 5),
 ('Vadim', 'Vadimovich', 1980, 'MALE', 'Chisinau Buicani', '0123456789', 'notes \n tre la la', 5),
 ('Vadim', 'Vadimovich', 1980, 'MALE', 'Chisinau Buicani', '0123456789', 'notes \n tre la la', 5),
 ('Vadim', 'Vadimovich', 1980, 'MALE', 'Chisinau Buicani', '0123456789', 'notes \n tre la la', 5),
 ('Vadim', 'Vadimovich', 1980, 'MALE', 'Chisinau Buicani', '0123456789', 'notes \n tre la la', 5),
 ('Vadim', 'Vadimovich', 1980, 'MALE', 'Chisinau Buicani', '0123456789', 'notes \n tre la la', 5),
 ('Vadim', 'Vadimovich', 1980, 'MALE', 'Chisinau Buicani', '0123456789', 'notes \n tre la la', 5),
 ('Vadim', 'Vadimovich', 1980, 'MALE', 'Chisinau Buicani', '0123456789', 'notes \n tre la la', 5),
 ('Vadim', 'Vadimovich', 1980, 'MALE', 'Chisinau Buicani', '0123456789', 'notes \n tre la la', 5),
 ('Vadim', 'Vadimovich', 1980, 'MALE', 'Chisinau Buicani', '0123456789', 'notes \n tre la la', 5),
 ('Vadim', 'Vadimovich', 1980, 'MALE', 'Chisinau Buicani', '0123456789', 'notes \n tre la la', 5),
 ('Vadim', 'Vadimovich', 1980, 'MALE', 'Chisinau Buicani', '0123456789', 'notes \n tre la la', 5),
 ('Vadim', 'Vadimovich', 1980, 'MALE', 'Chisinau Buicani', '0123456789', 'notes \n tre la la', 5),
 ('Vadim', 'Vadimovich', 1980, 'MALE', 'Chisinau Buicani', '0123456789', 'notes \n tre la la', 5),
 ('Vadim', 'Vadimovich', 1980, 'MALE', 'Chisinau Buicani', '0123456789', 'notes \n tre la la', 5),
 ('Vadim', 'Vadimovich', 1980, 'MALE', 'Chisinau Buicani', '0123456789', 'notes \n tre la la', 5),
 ('Vadim', 'Vadimovich', 1980, 'MALE', 'Chisinau Buicani', '0123456789', 'notes \n tre la la', 5),
 ('Vadim', 'Vadimovich', 1980, 'MALE', 'Chisinau Buicani', '0123456789', 'notes \n tre la la', 5),
 ('Vadim', 'Vadimovich', 1980, 'MALE', 'Chisinau Buicani', '0123456789', 'notes \n tre la la', 5),
 ('Vadim', 'Vadimovich', 1980, 'MALE', 'Chisinau Buicani', '0123456789', 'notes \n tre la la', 5),
 ('Vadim', 'Vadimovich', 1980, 'MALE', 'Chisinau Buicani', '0123456789', 'notes \n tre la la', 5),
 ('Vadim', 'Vadimovich', 1980, 'MALE', 'Chisinau Buicani', '0123456789', 'notes \n tre la la', 5),
 ('Vadim', 'Vadimovich', 1980, 'MALE', 'Chisinau Buicani', '0123456789', 'notes \n tre la la', 5),
 ('Vadim', 'Vadimovich', 1980, 'MALE', 'Chisinau Buicani', '0123456789', 'notes \n tre la la', 5),
 ('Vadim', 'Vadimovich', 1980, 'MALE', 'Chisinau Buicani', '0123456789', 'notes \n tre la la', 5),
 ('Vadim', 'Vadimovich', 1980, 'MALE', 'Chisinau Buicani', '0123456789', 'notes \n tre la la', 5),
 ('Vadim', 'Vadimovich', 1980, 'MALE', 'Chisinau Buicani', '0123456789', 'notes \n tre la la', 5),
 ('Vadim', 'Vadimovich', 1980, 'MALE', 'Chisinau Buicani', '0123456789', 'notes \n tre la la', 5),
 ('Vadim', 'Vadimovich', 1980, 'MALE', 'Chisinau Buicani', '0123456789', 'notes \n tre la la', 5),
 ('Vadim', 'Vadimovich', 1980, 'MALE', 'Chisinau Buicani', '0123456789', 'notes \n tre la la', 5),
 ('Vadim', 'Vadimovich', 1980, 'MALE', 'Chisinau Buicani', '0123456789', 'notes \n tre la la', 5),
 ('Vadim', 'Vadimovich', 1980, 'MALE', 'Chisinau Buicani', '0123456789', 'notes \n tre la la', 5),
 ('Vadim', 'Vadimovich', 1980, 'MALE', 'Chisinau Buicani', '0123456789', 'notes \n tre la la', 5),
 ('Vadim', 'Vadimovich', 1980, 'MALE', 'Chisinau Buicani', '0123456789', 'notes \n tre la la', 5),
 ('Vadim', 'Vadimovich', 1980, 'MALE', 'Chisinau Buicani', '0123456789', 'notes \n tre la la', 5), 
 ('Vadim', 'Vadimovich', 1980, 'MALE', 'Chisinau Buicani', '0123456789', 'notes \n tre la la', 5),
 ('Vadim', 'Vadimovich', 1980, 'MALE', 'Chisinau Buicani', '0123456789', 'notes \n tre la la', 5),
 ('Vadim', 'Vadimovich', 1980, 'MALE', 'Chisinau Buicani', '0123456789', 'notes \n tre la la', 5),
 ('Vadim', 'Vadimovich', 1980, 'MALE', 'Chisinau Buicani', '0123456789', 'notes \n tre la la', 5),
 ('Vadim', 'Vadimovich', 1980, 'MALE', 'Chisinau Buicani', '0123456789', 'notes \n tre la la', 5),
 ('Vadim', 'Vadimovich', 1980, 'MALE', 'Chisinau Buicani', '0123456789', 'notes \n tre la la', 5),
 ('Vadim', 'Vadimovich', 1980, 'MALE', 'Chisinau Buicani', '0123456789', 'notes \n tre la la', 5),
 ('Vadim', 'Vadimovich', 1980, 'MALE', 'Chisinau Buicani', '0123456789', 'notes \n tre la la', 5),
 ('Vadim', 'Vadimovich', 1980, 'MALE', 'Chisinau Buicani', '0123456789', 'notes \n tre la la', 5),
 ('Vadim', 'Vadimovich', 1980, 'MALE', 'Chisinau Buicani', '0123456789', 'notes \n tre la la', 5),
 ('Vadim', 'Vadimovich', 1980, 'MALE', 'Chisinau Buicani', '0123456789', 'notes \n tre la la', 5),
 ('Vadim', 'Vadimovich', 1980, 'MALE', 'Chisinau Buicani', '0123456789', 'notes \n tre la la', 5),
 ('Vadim', 'Vadimovich', 1980, 'MALE', 'Chisinau Buicani', '0123456789', 'notes \n tre la la', 5),
 ('Vadim', 'Vadimovich', 1980, 'MALE', 'Chisinau Buicani', '0123456789', 'notes \n tre la la', 5),
 ('Vadim', 'Vadimovich', 1980, 'MALE', 'Chisinau Buicani', '0123456789', 'notes \n tre la la', 5),
 ('Vadim', 'Vadimovich', 1980, 'MALE', 'Chisinau Buicani', '0123456789', 'notes \n tre la la', 5),
 ('Vadim', 'Vadimovich', 1980, 'MALE', 'Chisinau Buicani', '0123456789', 'notes \n tre la la', 5),
 ('Vadim', 'Vadimovich', 1980, 'MALE', 'Chisinau Buicani', '0123456789', 'notes \n tre la la', 5),
 ('Vadim', 'Vadimovich', 1980, 'MALE', 'Chisinau Buicani', '0123456789', 'notes \n tre la la', 5),
 ('Vadim', 'Vadimovich', 1980, 'MALE', 'Chisinau Buicani', '0123456789', 'notes \n tre la la', 5),
 ('Vadim', 'Vadimovich', 1980, 'MALE', 'Chisinau Buicani', '0123456789', 'notes \n tre la la', 5),
 ('Vadim', 'Vadimovich', 1980, 'MALE', 'Chisinau Buicani', '0123456789', 'notes \n tre la la', 5),
 ('Vadim', 'Vadimovich', 1980, 'MALE', 'Chisinau Buicani', '0123456789', 'notes \n tre la la', 5),
 ('Vadim', 'Vadimovich', 1980, 'MALE', 'Chisinau Buicani', '0123456789', 'notes \n tre la la', 5),
 ('Vadim', 'Vadimovich', 1980, 'MALE', 'Chisinau Buicani', '0123456789', 'notes \n tre la la', 5),
 ('Vadim', 'Vadimovich', 1980, 'MALE', 'Chisinau Buicani', '0123456789', 'notes \n tre la la', 5),
 ('Vadim', 'Vadimovich', 1980, 'MALE', 'Chisinau Buicani', '0123456789', 'notes \n tre la la', 5),
 ('Vadim', 'Vadimovich', 1980, 'MALE', 'Chisinau Buicani', '0123456789', 'notes \n tre la la', 5),
 ('Vadim', 'Vadimovich', 1980, 'MALE', 'Chisinau Buicani', '0123456789', 'notes \n tre la la', 5),
 ('Vadim', 'Vadimovich', 1980, 'MALE', 'Chisinau Buicani', '0123456789', 'notes \n tre la la', 5),
 ('Vadim', 'Vadimovich', 1980, 'MALE', 'Chisinau Buicani', '0123456789', 'notes \n tre la la', 5),
 ('Vadim', 'Vadimovich', 1980, 'MALE', 'Chisinau Buicani', '0123456789', 'notes \n tre la la', 5),
 ('Vadim', 'Vadimovich', 1980, 'MALE', 'Chisinau Buicani', '0123456789', 'notes \n tre la la', 5),
 ('Vadim', 'Vadimovich', 1980, 'MALE', 'Chisinau Buicani', '0123456789', 'notes \n tre la la', 5),
 ('Vadim', 'Vadimovich', 1980, 'MALE', 'Chisinau Buicani', '0123456789', 'notes \n tre la la', 5),
 ('Vadim', 'Vadimovich', 1980, 'MALE', 'Chisinau Buicani', '0123456789', 'notes \n tre la la', 5),
 ('Vadim', 'Vadimovich', 1980, 'MALE', 'Chisinau Buicani', '0123456789', 'notes \n tre la la', 5),
 ('Vadim', 'Vadimovich', 1980, 'MALE', 'Chisinau Buicani', '0123456789', 'notes \n tre la la', 5),
 ('Vadim', 'Vadimovich', 1980, 'MALE', 'Chisinau Buicani', '0123456789', 'notes \n tre la la', 5),
 ('Vadim', 'Vadimovich', 1980, 'MALE', 'Chisinau Buicani', '0123456789', 'notes \n tre la la', 5), 
 ('Vadim', 'Vadimovich', 1980, 'MALE', 'Chisinau Buicani', '0123456789', 'notes \n tre la la', 5),
 ('Vadim', 'Vadimovich', 1980, 'MALE', 'Chisinau Buicani', '0123456789', 'notes \n tre la la', 5),
 ('Vadim', 'Vadimovich', 1980, 'MALE', 'Chisinau Buicani', '0123456789', 'notes \n tre la la', 5),
 ('Vadim', 'Vadimovich', 1980, 'MALE', 'Chisinau Buicani', '0123456789', 'notes \n tre la la', 5),
 ('Vadim', 'Vadimovich', 1980, 'MALE', 'Chisinau Buicani', '0123456789', 'notes \n tre la la', 5),
 ('Vadim', 'Vadimovich', 1980, 'MALE', 'Chisinau Buicani', '0123456789', 'notes \n tre la la', 5),
 ('Vadim', 'Vadimovich', 1980, 'MALE', 'Chisinau Buicani', '0123456789', 'notes \n tre la la', 5),
 ('Vadim', 'Vadimovich', 1980, 'MALE', 'Chisinau Buicani', '0123456789', 'notes \n tre la la', 5),
 ('Vadim', 'Vadimovich', 1980, 'MALE', 'Chisinau Buicani', '0123456789', 'notes \n tre la la', 5),
 ('Vadim', 'Vadimovich', 1980, 'MALE', 'Chisinau Buicani', '0123456789', 'notes \n tre la la', 5),
 ('Vadim', 'Vadimovich', 1980, 'MALE', 'Chisinau Buicani', '0123456789', 'notes \n tre la la', 5),
 ('Vadim', 'Vadimovich', 1980, 'MALE', 'Chisinau Buicani', '0123456789', 'notes \n tre la la', 5),
 ('Vadim', 'Vadimovich', 1980, 'MALE', 'Chisinau Buicani', '0123456789', 'notes \n tre la la', 5),
 ('Vadim', 'Vadimovich', 1980, 'MALE', 'Chisinau Buicani', '0123456789', 'notes \n tre la la', 5),
 ('Vadim', 'Vadimovich', 1980, 'MALE', 'Chisinau Buicani', '0123456789', 'notes \n tre la la', 5),
 ('Vadim', 'Vadimovich', 1980, 'MALE', 'Chisinau Buicani', '0123456789', 'notes \n tre la la', 5),
 ('Vadim', 'Vadimovich', 1980, 'MALE', 'Chisinau Buicani', '0123456789', 'notes \n tre la la', 5),
 ('Vadim', 'Vadimovich', 1980, 'MALE', 'Chisinau Buicani', '0123456789', 'notes \n tre la la', 5),
 ('Vadim', 'Vadimovich', 1980, 'MALE', 'Chisinau Buicani', '0123456789', 'notes \n tre la la', 5),
 ('Vadim', 'Vadimovich', 1980, 'MALE', 'Chisinau Buicani', '0123456789', 'notes \n tre la la', 5),
 ('Vadim', 'Vadimovich', 1980, 'MALE', 'Chisinau Buicani', '0123456789', 'notes \n tre la la', 5),
 ('Vadim', 'Vadimovich', 1980, 'MALE', 'Chisinau Buicani', '0123456789', 'notes \n tre la la', 5),
 ('Vadim', 'Vadimovich', 1980, 'MALE', 'Chisinau Buicani', '0123456789', 'notes \n tre la la', 5),
 ('Vadim', 'Vadimovich', 1980, 'MALE', 'Chisinau Buicani', '0123456789', 'notes \n tre la la', 5),
 ('Vadim', 'Vadimovich', 1980, 'MALE', 'Chisinau Buicani', '0123456789', 'notes \n tre la la', 5),
 ('Vadim', 'Vadimovich', 1980, 'MALE', 'Chisinau Buicani', '0123456789', 'notes \n tre la la', 5),
 ('Vadim', 'Vadimovich', 1980, 'MALE', 'Chisinau Buicani', '0123456789', 'notes \n tre la la', 5),
 ('Vadim', 'Vadimovich', 1980, 'MALE', 'Chisinau Buicani', '0123456789', 'notes \n tre la la', 5),
 ('Vadim', 'Vadimovich', 1980, 'MALE', 'Chisinau Buicani', '0123456789', 'notes \n tre la la', 5),
 ('Vadim', 'Vadimovich', 1980, 'MALE', 'Chisinau Buicani', '0123456789', 'notes \n tre la la', 5),
 ('Vadim', 'Vadimovich', 1980, 'MALE', 'Chisinau Buicani', '0123456789', 'notes \n tre la la', 5),
 ('Vadim', 'Vadimovich', 1980, 'MALE', 'Chisinau Buicani', '0123456789', 'notes \n tre la la', 5),
 ('Vadim', 'Vadimovich', 1980, 'MALE', 'Chisinau Buicani', '0123456789', 'notes \n tre la la', 5),
 ('Vadim', 'Vadimovich', 1980, 'MALE', 'Chisinau Buicani', '0123456789', 'notes \n tre la la', 5),
 ('Vadim', 'Vadimovich', 1980, 'MALE', 'Chisinau Buicani', '0123456789', 'notes \n tre la la', 5),
 ('Vadim', 'Vadimovich', 1980, 'MALE', 'Chisinau Buicani', '0123456789', 'notes \n tre la la', 5),
 ('Vadim', 'Vadimovich', 1980, 'MALE', 'Chisinau Buicani', '0123456789', 'notes \n tre la la', 5),
 ('Vadim', 'Vadimovich', 1980, 'MALE', 'Chisinau Buicani', '0123456789', 'notes \n tre la la', 5),
 ('Vadim', 'Vadimovich', 1980, 'MALE', 'Chisinau Buicani', '0123456789', 'notes \n tre la la', 5),
 ('Vadim', 'Vadimovich', 1980, 'MALE', 'Chisinau Buicani', '0123456789', 'notes \n tre la la', 5), 
 ('Vadim', 'Vadimovich', 1980, 'MALE', 'Chisinau Buicani', '0123456789', 'notes \n tre la la', 5),
 ('Vadim', 'Vadimovich', 1980, 'MALE', 'Chisinau Buicani', '0123456789', 'notes \n tre la la', 5),
 ('Vadim', 'Vadimovich', 1980, 'MALE', 'Chisinau Buicani', '0123456789', 'notes \n tre la la', 5),
 ('Vadim', 'Vadimovich', 1980, 'MALE', 'Chisinau Buicani', '0123456789', 'notes \n tre la la', 5),
 ('Vadim', 'Vadimovich', 1980, 'MALE', 'Chisinau Buicani', '0123456789', 'notes \n tre la la', 5),
 ('Vadim', 'Vadimovich', 1980, 'MALE', 'Chisinau Buicani', '0123456789', 'notes \n tre la la', 5),
 ('Vadim', 'Vadimovich', 1980, 'MALE', 'Chisinau Buicani', '0123456789', 'notes \n tre la la', 5),
 ('Vadim', 'Vadimovich', 1980, 'MALE', 'Chisinau Buicani', '0123456789', 'notes \n tre la la', 5),
 ('Vadim', 'Vadimovich', 1980, 'MALE', 'Chisinau Buicani', '0123456789', 'notes \n tre la la', 5),
 ('Vadim', 'Vadimovich', 1980, 'MALE', 'Chisinau Buicani', '0123456789', 'notes \n tre la la', 5),
 ('Vadim', 'Vadimovich', 1980, 'MALE', 'Chisinau Buicani', '0123456789', 'notes \n tre la la', 5),
 ('Vadim', 'Vadimovich', 1980, 'MALE', 'Chisinau Buicani', '0123456789', 'notes \n tre la la', 5),
 ('Vadim', 'Vadimovich', 1980, 'MALE', 'Chisinau Buicani', '0123456789', 'notes \n tre la la', 5),
 ('Vadim', 'Vadimovich', 1980, 'MALE', 'Chisinau Buicani', '0123456789', 'notes \n tre la la', 5),
 ('Vadim', 'Vadimovich', 1980, 'MALE', 'Chisinau Buicani', '0123456789', 'notes \n tre la la', 5),
 ('Vadim', 'Vadimovich', 1980, 'MALE', 'Chisinau Buicani', '0123456789', 'notes \n tre la la', 5),
 ('Vadim', 'Vadimovich', 1980, 'MALE', 'Chisinau Buicani', '0123456789', 'notes \n tre la la', 5),
 ('Vadim', 'Vadimovich', 1980, 'MALE', 'Chisinau Buicani', '0123456789', 'notes \n tre la la', 5),
 ('Vadim', 'Vadimovich', 1980, 'MALE', 'Chisinau Buicani', '0123456789', 'notes \n tre la la', 5),
 ('Vadim', 'Vadimovich', 1980, 'MALE', 'Chisinau Buicani', '0123456789', 'notes \n tre la la', 5),
 ('Vadim', 'Vadimovich', 1980, 'MALE', 'Chisinau Buicani', '0123456789', 'notes \n tre la la', 5),
 ('Vadim', 'Vadimovich', 1980, 'MALE', 'Chisinau Buicani', '0123456789', 'notes \n tre la la', 5),
 ('Vadim', 'Vadimovich', 1980, 'MALE', 'Chisinau Buicani', '0123456789', 'notes \n tre la la', 5),
 ('Vadim', 'Vadimovich', 1980, 'MALE', 'Chisinau Buicani', '0123456789', 'notes \n tre la la', 5),
 ('Vadim', 'Vadimovich', 1980, 'MALE', 'Chisinau Buicani', '0123456789', 'notes \n tre la la', 5),
 ('Vadim', 'Vadimovich', 1980, 'MALE', 'Chisinau Buicani', '0123456789', 'notes \n tre la la', 5),
 ('Vadim', 'Vadimovich', 1980, 'MALE', 'Chisinau Buicani', '0123456789', 'notes \n tre la la', 5),
 ('Vadim', 'Vadimovich', 1980, 'MALE', 'Chisinau Buicani', '0123456789', 'notes \n tre la la', 5),
 ('Vadim', 'Vadimovich', 1980, 'MALE', 'Chisinau Buicani', '0123456789', 'notes \n tre la la', 5),
 ('Vadim', 'Vadimovich', 1980, 'MALE', 'Chisinau Buicani', '0123456789', 'notes \n tre la la', 5),
 ('Vadim', 'Vadimovich', 1980, 'MALE', 'Chisinau Buicani', '0123456789', 'notes \n tre la la', 5),
 ('Vadim', 'Vadimovich', 1980, 'MALE', 'Chisinau Buicani', '0123456789', 'notes \n tre la la', 5),
 ('Vadim', 'Vadimovich', 1980, 'MALE', 'Chisinau Buicani', '0123456789', 'notes \n tre la la', 5),
 ('Vadim', 'Vadimovich', 1980, 'MALE', 'Chisinau Buicani', '0123456789', 'notes \n tre la la', 5),
 ('Vadim', 'Vadimovich', 1980, 'MALE', 'Chisinau Buicani', '0123456789', 'notes \n tre la la', 5),
 ('Vadim', 'Vadimovich', 1980, 'MALE', 'Chisinau Buicani', '0123456789', 'notes \n tre la la', 5),
 ('Vadim', 'Vadimovich', 1980, 'MALE', 'Chisinau Buicani', '0123456789', 'notes \n tre la la', 5),
 ('Vadim', 'Vadimovich', 1980, 'MALE', 'Chisinau Buicani', '0123456789', 'notes \n tre la la', 5),
 ('Vadim', 'Vadimovich', 1980, 'MALE', 'Chisinau Buicani', '0123456789', 'notes \n tre la la', 5),
 ('Vadim', 'Vadimovich', 1980, 'MALE', 'Chisinau Buicani', '0123456789', 'notes \n tre la la', 5), 
 ('Vadim', 'Vadimovich', 1980, 'MALE', 'Chisinau Buicani', '0123456789', 'notes \n tre la la', 5),
 ('Vadim', 'Vadimovich', 1980, 'MALE', 'Chisinau Buicani', '0123456789', 'notes \n tre la la', 5),
 ('Vadim', 'Vadimovich', 1980, 'MALE', 'Chisinau Buicani', '0123456789', 'notes \n tre la la', 5),
 ('Vadim', 'Vadimovich', 1980, 'MALE', 'Chisinau Buicani', '0123456789', 'notes \n tre la la', 5),
 ('Vadim', 'Vadimovich', 1980, 'MALE', 'Chisinau Buicani', '0123456789', 'notes \n tre la la', 5),
 ('Vadim', 'Vadimovich', 1980, 'MALE', 'Chisinau Buicani', '0123456789', 'notes \n tre la la', 5),
 ('Vadim', 'Vadimovich', 1980, 'MALE', 'Chisinau Buicani', '0123456789', 'notes \n tre la la', 5),
 ('Vadim', 'Vadimovich', 1980, 'MALE', 'Chisinau Buicani', '0123456789', 'notes \n tre la la', 5),
 ('Vadim', 'Vadimovich', 1980, 'MALE', 'Chisinau Buicani', '0123456789', 'notes \n tre la la', 5),
 ('Vadim', 'Vadimovich', 1980, 'MALE', 'Chisinau Buicani', '0123456789', 'notes \n tre la la', 5),
 ('Vadim', 'Vadimovich', 1980, 'MALE', 'Chisinau Buicani', '0123456789', 'notes \n tre la la', 5),
 ('Vadim', 'Vadimovich', 1980, 'MALE', 'Chisinau Buicani', '0123456789', 'notes \n tre la la', 5),
 ('Vadim', 'Vadimovich', 1980, 'MALE', 'Chisinau Buicani', '0123456789', 'notes \n tre la la', 5),
 ('Vadim', 'Vadimovich', 1980, 'MALE', 'Chisinau Buicani', '0123456789', 'notes \n tre la la', 5),
 ('Vadim', 'Vadimovich', 1980, 'MALE', 'Chisinau Buicani', '0123456789', 'notes \n tre la la', 5),
 ('Vadim', 'Vadimovich', 1980, 'MALE', 'Chisinau Buicani', '0123456789', 'notes \n tre la la', 5),
 ('Vadim', 'Vadimovich', 1980, 'MALE', 'Chisinau Buicani', '0123456789', 'notes \n tre la la', 5),
 ('Vadim', 'Vadimovich', 1980, 'MALE', 'Chisinau Buicani', '0123456789', 'notes \n tre la la', 5),
 ('Vadim', 'Vadimovich', 1980, 'MALE', 'Chisinau Buicani', '0123456789', 'notes \n tre la la', 5),
 ('Vadim', 'Vadimovich', 1980, 'MALE', 'Chisinau Buicani', '0123456789', 'notes \n tre la la', 5),
 ('Vadim', 'Vadimovich', 1980, 'MALE', 'Chisinau Buicani', '0123456789', 'notes \n tre la la', 5),
 ('Vadim', 'Vadimovich', 1980, 'MALE', 'Chisinau Buicani', '0123456789', 'notes \n tre la la', 5),
 ('Vadim', 'Vadimovich', 1980, 'MALE', 'Chisinau Buicani', '0123456789', 'notes \n tre la la', 5),
 ('Vadim', 'Vadimovich', 1980, 'MALE', 'Chisinau Buicani', '0123456789', 'notes \n tre la la', 5),
 ('Vadim', 'Vadimovich', 1980, 'MALE', 'Chisinau Buicani', '0123456789', 'notes \n tre la la', 5),
 ('Vadim', 'Vadimovich', 1980, 'MALE', 'Chisinau Buicani', '0123456789', 'notes \n tre la la', 5),
 ('Vadim', 'Vadimovich', 1980, 'MALE', 'Chisinau Buicani', '0123456789', 'notes \n tre la la', 5),
 ('Vadim', 'Vadimovich', 1980, 'MALE', 'Chisinau Buicani', '0123456789', 'notes \n tre la la', 5),
 ('Vadim', 'Vadimovich', 1980, 'MALE', 'Chisinau Buicani', '0123456789', 'notes \n tre la la', 5),
 ('Vadim', 'Vadimovich', 1980, 'MALE', 'Chisinau Buicani', '0123456789', 'notes \n tre la la', 5),
 ('Vadim', 'Vadimovich', 1980, 'MALE', 'Chisinau Buicani', '0123456789', 'notes \n tre la la', 5),
 ('Vadim', 'Vadimovich', 1980, 'MALE', 'Chisinau Buicani', '0123456789', 'notes \n tre la la', 5),
 ('Vadim', 'Vadimovich', 1980, 'MALE', 'Chisinau Buicani', '0123456789', 'notes \n tre la la', 5),
 ('Vadim', 'Vadimovich', 1980, 'MALE', 'Chisinau Buicani', '0123456789', 'notes \n tre la la', 5),
 ('Vadim', 'Vadimovich', 1980, 'MALE', 'Chisinau Buicani', '0123456789', 'notes \n tre la la', 5),
 ('Vadim', 'Vadimovich', 1980, 'MALE', 'Chisinau Buicani', '0123456789', 'notes \n tre la la', 5),
 ('Vadim', 'Vadimovich', 1980, 'MALE', 'Chisinau Buicani', '0123456789', 'notes \n tre la la', 5),
 ('Vadim', 'Vadimovich', 1980, 'MALE', 'Chisinau Buicani', '0123456789', 'notes \n tre la la', 5),
 ('Vadim', 'Vadimovich', 1980, 'MALE', 'Chisinau Buicani', '0123456789', 'notes \n tre la la', 5),
 ('Vadim', 'Vadimovich', 1980, 'MALE', 'Chisinau Buicani', '0123456789', 'notes \n tre la la', 5), 
 ('Vadim', 'Vadimovich', 1980, 'MALE', 'Chisinau Buicani', '0123456789', 'notes \n tre la la', 5),
 ('Vadim', 'Vadimovich', 1980, 'MALE', 'Chisinau Buicani', '0123456789', 'notes \n tre la la', 5),
 ('Vadim', 'Vadimovich', 1980, 'MALE', 'Chisinau Buicani', '0123456789', 'notes \n tre la la', 5),
 ('Vadim', 'Vadimovich', 1980, 'MALE', 'Chisinau Buicani', '0123456789', 'notes \n tre la la', 5),
 ('Vadim', 'Vadimovich', 1980, 'MALE', 'Chisinau Buicani', '0123456789', 'notes \n tre la la', 5),
 ('Vadim', 'Vadimovich', 1980, 'MALE', 'Chisinau Buicani', '0123456789', 'notes \n tre la la', 5),
 ('Vadim', 'Vadimovich', 1980, 'MALE', 'Chisinau Buicani', '0123456789', 'notes \n tre la la', 5),
 ('Vadim', 'Vadimovich', 1980, 'MALE', 'Chisinau Buicani', '0123456789', 'notes \n tre la la', 5),
 ('Vadim', 'Vadimovich', 1980, 'MALE', 'Chisinau Buicani', '0123456789', 'notes \n tre la la', 5),
 ('Vadim', 'Vadimovich', 1980, 'MALE', 'Chisinau Buicani', '0123456789', 'notes \n tre la la', 5),
 ('Vadim', 'Vadimovich', 1980, 'MALE', 'Chisinau Buicani', '0123456789', 'notes \n tre la la', 5),
 ('Vadim', 'Vadimovich', 1980, 'MALE', 'Chisinau Buicani', '0123456789', 'notes \n tre la la', 5),
 ('Vadim', 'Vadimovich', 1980, 'MALE', 'Chisinau Buicani', '0123456789', 'notes \n tre la la', 5),
 ('Vadim', 'Vadimovich', 1980, 'MALE', 'Chisinau Buicani', '0123456789', 'notes \n tre la la', 5),
 ('Vadim', 'Vadimovich', 1980, 'MALE', 'Chisinau Buicani', '0123456789', 'notes \n tre la la', 5),
 ('Vadim', 'Vadimovich', 1980, 'MALE', 'Chisinau Buicani', '0123456789', 'notes \n tre la la', 5),
 ('Vadim', 'Vadimovich', 1980, 'MALE', 'Chisinau Buicani', '0123456789', 'notes \n tre la la', 5),
 ('Vadim', 'Vadimovich', 1980, 'MALE', 'Chisinau Buicani', '0123456789', 'notes \n tre la la', 5),
 ('Vadim', 'Vadimovich', 1980, 'MALE', 'Chisinau Buicani', '0123456789', 'notes \n tre la la', 5),
 ('Vadim', 'Vadimovich', 1980, 'MALE', 'Chisinau Buicani', '0123456789', 'notes \n tre la la', 5),
 ('Vadim', 'Vadimovich', 1980, 'MALE', 'Chisinau Buicani', '0123456789', 'notes \n tre la la', 5),
 ('Vadim', 'Vadimovich', 1980, 'MALE', 'Chisinau Buicani', '0123456789', 'notes \n tre la la', 5),
 ('Vadim', 'Vadimovich', 1980, 'MALE', 'Chisinau Buicani', '0123456789', 'notes \n tre la la', 5),
 ('Vadim', 'Vadimovich', 1980, 'MALE', 'Chisinau Buicani', '0123456789', 'notes \n tre la la', 5),
 ('Vadim', 'Vadimovich', 1980, 'MALE', 'Chisinau Buicani', '0123456789', 'notes \n tre la la', 5),
 ('Vadim', 'Vadimovich', 1980, 'MALE', 'Chisinau Buicani', '0123456789', 'notes \n tre la la', 5),
 ('Vadim', 'Vadimovich', 1980, 'MALE', 'Chisinau Buicani', '0123456789', 'notes \n tre la la', 5),
 ('Vadim', 'Vadimovich', 1980, 'MALE', 'Chisinau Buicani', '0123456789', 'notes \n tre la la', 5),
 ('Vadim', 'Vadimovich', 1980, 'MALE', 'Chisinau Buicani', '0123456789', 'notes \n tre la la', 5),
 ('Vadim', 'Vadimovich', 1980, 'MALE', 'Chisinau Buicani', '0123456789', 'notes \n tre la la', 5),
 ('Vadim', 'Vadimovich', 1980, 'MALE', 'Chisinau Buicani', '0123456789', 'notes \n tre la la', 5),
 ('Vadim', 'Vadimovich', 1980, 'MALE', 'Chisinau Buicani', '0123456789', 'notes \n tre la la', 5),
 ('Vadim', 'Vadimovich', 1980, 'MALE', 'Chisinau Buicani', '0123456789', 'notes \n tre la la', 5),
 ('Vadim', 'Vadimovich', 1980, 'MALE', 'Chisinau Buicani', '0123456789', 'notes \n tre la la', 5),
 ('Vadim', 'Vadimovich', 1980, 'MALE', 'Chisinau Buicani', '0123456789', 'notes \n tre la la', 5),
 ('Vadim', 'Vadimovich', 1980, 'MALE', 'Chisinau Buicani', '0123456789', 'notes \n tre la la', 5),
 ('Vadim', 'Vadimovich', 1980, 'MALE', 'Chisinau Buicani', '0123456789', 'notes \n tre la la', 5),
 ('Vadim', 'Vadimovich', 1980, 'MALE', 'Chisinau Buicani', '0123456789', 'notes \n tre la la', 5),
 ('Vadim', 'Vadimovich', 1980, 'MALE', 'Chisinau Buicani', '0123456789', 'notes \n tre la la', 5),
 ('Vadim', 'Vadimovich', 1980, 'MALE', 'Chisinau Buicani', '0123456789', 'notes \n tre la la', 5), 
 ('Vadim', 'Vadimovich', 1980, 'MALE', 'Chisinau Buicani', '0123456789', 'notes \n tre la la', 5),
 ('Vadim', 'Vadimovich', 1980, 'MALE', 'Chisinau Buicani', '0123456789', 'notes \n tre la la', 5),
 ('Vadim', 'Vadimovich', 1980, 'MALE', 'Chisinau Buicani', '0123456789', 'notes \n tre la la', 5),
 ('Vadim', 'Vadimovich', 1980, 'MALE', 'Chisinau Buicani', '0123456789', 'notes \n tre la la', 5),
 ('Vadim', 'Vadimovich', 1980, 'MALE', 'Chisinau Buicani', '0123456789', 'notes \n tre la la', 5),
 ('Vadim', 'Vadimovich', 1980, 'MALE', 'Chisinau Buicani', '0123456789', 'notes \n tre la la', 5),
 ('Vadim', 'Vadimovich', 1980, 'MALE', 'Chisinau Buicani', '0123456789', 'notes \n tre la la', 5),
 ('Vadim', 'Vadimovich', 1980, 'MALE', 'Chisinau Buicani', '0123456789', 'notes \n tre la la', 5),
 ('Vadim', 'Vadimovich', 1980, 'MALE', 'Chisinau Buicani', '0123456789', 'notes \n tre la la', 5),
 ('Vadim', 'Vadimovich', 1980, 'MALE', 'Chisinau Buicani', '0123456789', 'notes \n tre la la', 5),
 ('Vadim', 'Vadimovich', 1980, 'MALE', 'Chisinau Buicani', '0123456789', 'notes \n tre la la', 5),
 ('Vadim', 'Vadimovich', 1980, 'MALE', 'Chisinau Buicani', '0123456789', 'notes \n tre la la', 5),
 ('Vadim', 'Vadimovich', 1980, 'MALE', 'Chisinau Buicani', '0123456789', 'notes \n tre la la', 5),
 ('Vadim', 'Vadimovich', 1980, 'MALE', 'Chisinau Buicani', '0123456789', 'notes \n tre la la', 5),
 ('Vadim', 'Vadimovich', 1980, 'MALE', 'Chisinau Buicani', '0123456789', 'notes \n tre la la', 5),
 ('Vadim', 'Vadimovich', 1980, 'MALE', 'Chisinau Buicani', '0123456789', 'notes \n tre la la', 5),
 ('Vadim', 'Vadimovich', 1980, 'MALE', 'Chisinau Buicani', '0123456789', 'notes \n tre la la', 5),
 ('Vadim', 'Vadimovich', 1980, 'MALE', 'Chisinau Buicani', '0123456789', 'notes \n tre la la', 5),
 ('Vadim', 'Vadimovich', 1980, 'MALE', 'Chisinau Buicani', '0123456789', 'notes \n tre la la', 5),
 ('Vadim', 'Vadimovich', 1980, 'MALE', 'Chisinau Buicani', '0123456789', 'notes \n tre la la', 5),
 ('Vadim', 'Vadimovich', 1980, 'MALE', 'Chisinau Buicani', '0123456789', 'notes \n tre la la', 5),
 ('Vadim', 'Vadimovich', 1980, 'MALE', 'Chisinau Buicani', '0123456789', 'notes \n tre la la', 5),
 ('Vadim', 'Vadimovich', 1980, 'MALE', 'Chisinau Buicani', '0123456789', 'notes \n tre la la', 5),
 ('Vadim', 'Vadimovich', 1980, 'MALE', 'Chisinau Buicani', '0123456789', 'notes \n tre la la', 5),
 ('Vadim', 'Vadimovich', 1980, 'MALE', 'Chisinau Buicani', '0123456789', 'notes \n tre la la', 5),
 ('Vadim', 'Vadimovich', 1980, 'MALE', 'Chisinau Buicani', '0123456789', 'notes \n tre la la', 5),
 ('Vadim', 'Vadimovich', 1980, 'MALE', 'Chisinau Buicani', '0123456789', 'notes \n tre la la', 5),
 ('Vadim', 'Vadimovich', 1980, 'MALE', 'Chisinau Buicani', '0123456789', 'notes \n tre la la', 5),
 ('Vadim', 'Vadimovich', 1980, 'MALE', 'Chisinau Buicani', '0123456789', 'notes \n tre la la', 5),
 ('Vadim', 'Vadimovich', 1980, 'MALE', 'Chisinau Buicani', '0123456789', 'notes \n tre la la', 5),
 ('Vadim', 'Vadimovich', 1980, 'MALE', 'Chisinau Buicani', '0123456789', 'notes \n tre la la', 5),
 ('Vadim', 'Vadimovich', 1980, 'MALE', 'Chisinau Buicani', '0123456789', 'notes \n tre la la', 5),
 ('Vadim', 'Vadimovich', 1980, 'MALE', 'Chisinau Buicani', '0123456789', 'notes \n tre la la', 5),
 ('Vadim', 'Vadimovich', 1980, 'MALE', 'Chisinau Buicani', '0123456789', 'notes \n tre la la', 5),
 ('Vadim', 'Vadimovich', 1980, 'MALE', 'Chisinau Buicani', '0123456789', 'notes \n tre la la', 5),
 ('Vadim', 'Vadimovich', 1980, 'MALE', 'Chisinau Buicani', '0123456789', 'notes \n tre la la', 5),
 ('Vadim', 'Vadimovich', 1980, 'MALE', 'Chisinau Buicani', '0123456789', 'notes \n tre la la', 5),
 ('Vadim', 'Vadimovich', 1980, 'MALE', 'Chisinau Buicani', '0123456789', 'notes \n tre la la', 5),
 ('Vadim', 'Vadimovich', 1980, 'MALE', 'Chisinau Buicani', '0123456789', 'notes \n tre la la', 5),
 ('Vadim', 'Vadimovich', 1980, 'MALE', 'Chisinau Buicani', '0123456789', 'notes \n tre la la', 5), 
 ('Vadim', 'Vadimovich', 1980, 'MALE', 'Chisinau Buicani', '0123456789', 'notes \n tre la la', 5),
 ('Vadim', 'Vadimovich', 1980, 'MALE', 'Chisinau Buicani', '0123456789', 'notes \n tre la la', 5),
 ('Vadim', 'Vadimovich', 1980, 'MALE', 'Chisinau Buicani', '0123456789', 'notes \n tre la la', 5),
 ('Vadim', 'Vadimovich', 1980, 'MALE', 'Chisinau Buicani', '0123456789', 'notes \n tre la la', 5),
 ('Vadim', 'Vadimovich', 1980, 'MALE', 'Chisinau Buicani', '0123456789', 'notes \n tre la la', 5),
 ('Vadim', 'Vadimovich', 1980, 'MALE', 'Chisinau Buicani', '0123456789', 'notes \n tre la la', 5),
 ('Vadim', 'Vadimovich', 1980, 'MALE', 'Chisinau Buicani', '0123456789', 'notes \n tre la la', 5),
 ('Vadim', 'Vadimovich', 1980, 'MALE', 'Chisinau Buicani', '0123456789', 'notes \n tre la la', 5),
 ('Vadim', 'Vadimovich', 1980, 'MALE', 'Chisinau Buicani', '0123456789', 'notes \n tre la la', 5),
 ('Vadim', 'Vadimovich', 1980, 'MALE', 'Chisinau Buicani', '0123456789', 'notes \n tre la la', 5),
 ('Vadim', 'Vadimovich', 1980, 'MALE', 'Chisinau Buicani', '0123456789', 'notes \n tre la la', 5),
 ('Vadim', 'Vadimovich', 1980, 'MALE', 'Chisinau Buicani', '0123456789', 'notes \n tre la la', 5),
 ('Vadim', 'Vadimovich', 1980, 'MALE', 'Chisinau Buicani', '0123456789', 'notes \n tre la la', 5),
 ('Vadim', 'Vadimovich', 1980, 'MALE', 'Chisinau Buicani', '0123456789', 'notes \n tre la la', 5),
 ('Vadim', 'Vadimovich', 1980, 'MALE', 'Chisinau Buicani', '0123456789', 'notes \n tre la la', 5),
 ('Vadim', 'Vadimovich', 1980, 'MALE', 'Chisinau Buicani', '0123456789', 'notes \n tre la la', 5),
 ('Vadim', 'Vadimovich', 1980, 'MALE', 'Chisinau Buicani', '0123456789', 'notes \n tre la la', 5),
 ('Vadim', 'Vadimovich', 1980, 'MALE', 'Chisinau Buicani', '0123456789', 'notes \n tre la la', 5),
 ('Vadim', 'Vadimovich', 1980, 'MALE', 'Chisinau Buicani', '0123456789', 'notes \n tre la la', 5),
 ('Vadim', 'Vadimovich', 1980, 'MALE', 'Chisinau Buicani', '0123456789', 'notes \n tre la la', 5),
 ('Vadim', 'Vadimovich', 1980, 'MALE', 'Chisinau Buicani', '0123456789', 'notes \n tre la la', 5),
 ('Vadim', 'Vadimovich', 1980, 'MALE', 'Chisinau Buicani', '0123456789', 'notes \n tre la la', 5),
 ('Vadim', 'Vadimovich', 1980, 'MALE', 'Chisinau Buicani', '0123456789', 'notes \n tre la la', 5),
 ('Vadim', 'Vadimovich', 1980, 'MALE', 'Chisinau Buicani', '0123456789', 'notes \n tre la la', 5),
 ('Vadim', 'Vadimovich', 1980, 'MALE', 'Chisinau Buicani', '0123456789', 'notes \n tre la la', 5),
 ('Vadim', 'Vadimovich', 1980, 'MALE', 'Chisinau Buicani', '0123456789', 'notes \n tre la la', 5),
 ('Vadim', 'Vadimovich', 1980, 'MALE', 'Chisinau Buicani', '0123456789', 'notes \n tre la la', 5),
 ('Vadim', 'Vadimovich', 1980, 'MALE', 'Chisinau Buicani', '0123456789', 'notes \n tre la la', 5),
 ('Vadim', 'Vadimovich', 1980, 'MALE', 'Chisinau Buicani', '0123456789', 'notes \n tre la la', 5),
 ('Vadim', 'Vadimovich', 1980, 'MALE', 'Chisinau Buicani', '0123456789', 'notes \n tre la la', 5),
 ('Vadim', 'Vadimovich', 1980, 'MALE', 'Chisinau Buicani', '0123456789', 'notes \n tre la la', 5),
 ('Vadim', 'Vadimovich', 1980, 'MALE', 'Chisinau Buicani', '0123456789', 'notes \n tre la la', 5),
 ('Vadim', 'Vadimovich', 1980, 'MALE', 'Chisinau Buicani', '0123456789', 'notes \n tre la la', 5),
 ('Vadim', 'Vadimovich', 1980, 'MALE', 'Chisinau Buicani', '0123456789', 'notes \n tre la la', 5),
 ('Vadim', 'Vadimovich', 1980, 'MALE', 'Chisinau Buicani', '0123456789', 'notes \n tre la la', 5),
 ('Vadim', 'Vadimovich', 1980, 'MALE', 'Chisinau Buicani', '0123456789', 'notes \n tre la la', 5),
 ('Vadim', 'Vadimovich', 1980, 'MALE', 'Chisinau Buicani', '0123456789', 'notes \n tre la la', 5),
 ('Vadim', 'Vadimovich', 1980, 'MALE', 'Chisinau Buicani', '0123456789', 'notes \n tre la la', 5),
 ('Vadim', 'Vadimovich', 1980, 'MALE', 'Chisinau Buicani', '0123456789', 'notes \n tre la la', 5),
 ('Vadim', 'Vadimovich', 1980, 'MALE', 'Chisinau Buicani', '0123456789', 'notes \n tre la la', 5), 
 ('Vadim', 'Vadimovich', 1980, 'MALE', 'Chisinau Buicani', '0123456789', 'notes \n tre la la', 5),
 ('Vadim', 'Vadimovich', 1980, 'MALE', 'Chisinau Buicani', '0123456789', 'notes \n tre la la', 5),
 ('Vadim', 'Vadimovich', 1980, 'MALE', 'Chisinau Buicani', '0123456789', 'notes \n tre la la', 5),
 ('Vadim', 'Vadimovich', 1980, 'MALE', 'Chisinau Buicani', '0123456789', 'notes \n tre la la', 5),
 ('Vadim', 'Vadimovich', 1980, 'MALE', 'Chisinau Buicani', '0123456789', 'notes \n tre la la', 5),
 ('Vadim', 'Vadimovich', 1980, 'MALE', 'Chisinau Buicani', '0123456789', 'notes \n tre la la', 5),
 ('Vadim', 'Vadimovich', 1980, 'MALE', 'Chisinau Buicani', '0123456789', 'notes \n tre la la', 5),
 ('Vadim', 'Vadimovich', 1980, 'MALE', 'Chisinau Buicani', '0123456789', 'notes \n tre la la', 5),
 ('Vadim', 'Vadimovich', 1980, 'MALE', 'Chisinau Buicani', '0123456789', 'notes \n tre la la', 5),
 ('Vadim', 'Vadimovich', 1980, 'MALE', 'Chisinau Buicani', '0123456789', 'notes \n tre la la', 5),
 ('Vadim', 'Vadimovich', 1980, 'MALE', 'Chisinau Buicani', '0123456789', 'notes \n tre la la', 5),
 ('Vadim', 'Vadimovich', 1980, 'MALE', 'Chisinau Buicani', '0123456789', 'notes \n tre la la', 5),
 ('Vadim', 'Vadimovich', 1980, 'MALE', 'Chisinau Buicani', '0123456789', 'notes \n tre la la', 5),
 ('Vadim', 'Vadimovich', 1980, 'MALE', 'Chisinau Buicani', '0123456789', 'notes \n tre la la', 5),
 ('Vadim', 'Vadimovich', 1980, 'MALE', 'Chisinau Buicani', '0123456789', 'notes \n tre la la', 5),
 ('Vadim', 'Vadimovich', 1980, 'MALE', 'Chisinau Buicani', '0123456789', 'notes \n tre la la', 5),
 ('Vadim', 'Vadimovich', 1980, 'MALE', 'Chisinau Buicani', '0123456789', 'notes \n tre la la', 5),
 ('Vadim', 'Vadimovich', 1980, 'MALE', 'Chisinau Buicani', '0123456789', 'notes \n tre la la', 5),
 ('Vadim', 'Vadimovich', 1980, 'MALE', 'Chisinau Buicani', '0123456789', 'notes \n tre la la', 5),
 ('Vadim', 'Vadimovich', 1980, 'MALE', 'Chisinau Buicani', '0123456789', 'notes \n tre la la', 5);

INSERT INTO customers (id, name, surname, birth_year, gender, address, phone, notes, dentist_id) VALUES 
 (1, 'Eugen', 'Scobich', 1980, 'MALE', 'Chisinau Buicani', '0123456789', 'notes \n tre la la', 5);
 
INSERT INTO allergies (id, name) VALUES
 (1, 'Lidokain'),
 (2, 'Novakain'),
 (3, 'Artifrin'),
 (4, 'Ulitrakain-DC'),
 (5, 'Bupivakain'),
 (6, 'Ubistizin'),
 (7, 'Mepivastezin'),
 (8, 'Scandonest'),
 (9, 'Septanest'),
 (10, 'Latex');

INSERT INTO customers_to_allergies (customer_id, allergy_id) VALUES
 (1, 1);
 
 INSERT INTO past_illnesses (id, name) VALUES
 (1, 'Ghipatit'),
 (2, 'SIDA'),
 (3, 'Turberculeoz');
 
INSERT INTO customers_to_past_illnesses (customer_id, past_illnesse_id) VALUES
 (1, 1);
 
 INSERT INTO visits (id, visit_date, additional_info, price, paid, customer_id) VALUES
(1, '2014/05/05 02:02:02', 'test', 100, 50, 1),
(2, '2014/05/05 02:02:02', 'test2', 200, 200, 1);


INSERT INTO diseases (id, name, short_name, is_removed, implant_type) VALUES
(1, '', 'N', false, null),
(2, '', 'C', false, null),
(3, '  ', '\u041f/\u0421', false, null),
(4, '', 'P', false, null),
(5, '', 'Pt', false, null),
(6, ' ', '\u041a\u0414', false, null),
(7, ' ', '\u0424\u042d', false, null),
(8, '', 'K', false, null),
(9, ' ', '\u0417\u041a', false, null),
(10, ' ', '\u041f\u0440\u041a', false, null),
(11, '', 'O', true, null),
(12, '', '\u0418', false, 'IMPLANT'),
(13, ' ', '\u0424\u041a', false, null),
(14, ' ', '\u0424\u0417', false, null);

INSERT INTO treatments (id, name, short_name, material_used, is_removed, implant_type) VALUES
(1, '', '\u041f', '', false, null),
(2, '', '\u041fC', '', false, null),
(3, '', '\u041f\u0424', '', false, null),
(4, '', '\u041f\u0410', '', false, null),
(5, ' ', '\u0418', '', false, 'IMPLANT'),
(6, ' ', '\u0410\u041c', '', false, 'IMPLANT_AND_ABUTMENT'),
(7, ' ', '\u0410\u0421', '', false, 'IMPLANT_AND_ABUTMENT'),
(8, ' ', '\u041a\u041c\u043a', '', false, 'IMPLANT_AND_ABUTMENT_AND_UPPER_CROWN'),
(9, ' ', '\u041a\u041c\u043a', '', false, null),
(10, ' ', '\u041a\u0424', '', false, null),
(11, ' ', '\u041ah+', 'AHPlus', false, null),
(12, ' ', '\u041a\u0412', '', false, null),
(13, '', '\u0423', null, true, null);


INSERT INTO tooth_infos (id, tooth_quadrant, tooth_index, notes, distressed_surfaces, gum_pockets_depth_top, gum_pockets_depth_right, gum_pockets_depth_bottom, gum_pockets_depth_left, visit_id) VALUES
(1, 1, 1, 'notes11', '1_4', 2, 0, 5, 9, 1),
(2, 4, 5, 'notes45', '2_3_4_5', 2, 3, 7, 0, 1),
(3, 2, 3, 'notes23', '2_4', 6, 5, 5, 9, 1),
(4, 3, 8, 'notes38', '2_3_4_5', 2, 3, 7, 0, 1);

INSERT INTO tooth_infos_to_diseases (tooth_info_id, disease_id) VALUES
(1, 1),
(1, 4),
(1, 5),
(1, 6),
(2, 2),
(2, 3),
(3, 3);

INSERT INTO tooth_infos_to_treatments (tooth_info_id, treatment_id) VALUES
(1, 13),
(2, 8),
(3, 5),
(4, 1);




